object	addr	size	section
arith_samples.o	0x007a4d60	16	.text.fun_7a4d60
arith_samples.o	0x007f14c0	16	.text.fun_7f14c0
arith_samples.o	0x007f14d0	16	.text.fun_7f14d0
arith_samples.o	0x00742750	16	.text.fun_742750
arith_samples.o	0x00826760	16	.text.fun_826760
arith_samples.o	0x007f22b0	12	.text.fun_7f22b0
bit_samples.o	0x00762530	12	.text.fun_762530
bit_samples.o	0x00762540	12	.text.fun_762540
bit_samples.o	0x00762550	12	.text.fun_762550
bit_samples.o	0x0076b910	12	.text.fun_76b910
branched_leaves12.o	0x00890b00	300	.text.fun_890b00
branched_leaves12.o	0x00892140	304	.text.fun_892140
branched_leaves12.o	0x00880800	436	.text.fun_880800
branched_leaves12.o	0x00893f80	456	.text.fun_893f80
branched_leaves12.o	0x0071dad0	68	.text.fun_71dad0
branched_leaves12.o	0x007ca5b0	8	.text.fun_7ca5b0
branched_leaves12.o	0x00823480	36	.text.fun_823480
branched_leaves12.o	0x00868a80	164	.text.fun_868a80
branched_leaves12.o	0x00873d14	180	.text.fun_873d14
float_and_tls.o	0x008757c0	12	.text.fun_8757c0
float_and_tls.o	0x00890ae0	12	.text.fun_890ae0
float_and_tls.o	0x007e2488	12	.text.fun_7e2488
float_and_tls.o	0x007e9ea0	20	.text.fun_7e9ea0
float_and_tls.o	0x000b5480	20	.text.fun_0b5480
getters.o	0x0012b0c0	8	.text.fun_12b0c0
getters.o	0x00182040	8	.text.fun_182040
getters.o	0x00765c10	8	.text.fun_765c10
getters.o	0x00765c70	8	.text.fun_765c70
getters.o	0x0077d340	8	.text.fun_77d340
getters.o	0x0078b710	8	.text.fun_78b710
getters.o	0x007c2680	8	.text.fun_7c2680
getters.o	0x00879840	8	.text.fun_879840
getters.o	0x00879860	8	.text.fun_879860
getters.o	0x00879880	8	.text.fun_879880
getters.o	0x008798a0	8	.text.fun_8798a0
getters.o	0x000786d0	12	.text.fun_0786d0
getters.o	0x001f1190	12	.text.fun_1f1190
getters.o	0x001f1160	12	.text.fun_1f1160
leaves_batch3.o	0x0016b630	48	.text.fun_16b630
mem_samples.o	0x000785d0	12	.text.fun_0785d0
mem_samples.o	0x001f1130	12	.text.fun_1f1130
mem_samples.o	0x000b54c0	20	.text.fun_0b54c0
mem_samples.o	0x00647ef0	12	.text.fun_647ef0
mem_samples.o	0x00800450	12	.text.fun_800450
mem_samples.o	0x0080a020	12	.text.fun_80a020
mem_samples.o	0x0081e7f0	12	.text.fun_81e7f0
misc16.o	0x007a2d40	16	.text.fun_7a2d40
misc16.o	0x007a2d50	16	.text.fun_7a2d50
misc16.o	0x00824f80	16	.text.fun_824f80
misc16.o	0x007bf5f0	16	.text.fun_7bf5f0
misc16.o	0x007bf600	16	.text.fun_7bf600
misc16.o	0x007dc060	20	.text.fun_7dc060
misc16.o	0x00824f60	20	.text.fun_824f60
misc16.o	0x00701ca0	24	.text.fun_701ca0
misc16.o	0x007f3d80	24	.text.fun_7f3d80
misc_20_24.o	0x008ab3e0	20	.text.fun_8ab3e0
mixed_leaves.o	0x007f19c0	12	.text.fun_7f19c0
mixed_leaves.o	0x007405d0	16	.text.fun_7405d0
mixed_leaves.o	0x00765c50	16	.text.fun_765c50
mixed_leaves.o	0x007f3f00	16	.text.fun_7f3f00
mixed_leaves.o	0x008160c0	16	.text.fun_8160c0
mixed_leaves.o	0x0073ee00	20	.text.fun_73ee00
mixed_leaves.o	0x007f3400	20	.text.fun_7f3400
mixed_leaves.o	0x00797a80	20	.text.fun_797a80
mixed_leaves.o	0x007e24a0	20	.text.fun_7e24a0
mixed_leaves.o	0x007edbd0	20	.text.fun_7edbd0
mixed_leaves.o	0x007f3c80	20	.text.fun_7f3c80
mixed_leaves.o	0x000b5460	24	.text.fun_0b5460
mixed_leaves.o	0x000b6e00	24	.text.fun_0b6e00
mixed_leaves.o	0x000b6e40	24	.text.fun_0b6e40
mixed_leaves.o	0x000b53b0	24	.text.fun_0b53b0
mixed_leaves.o	0x0072df80	24	.text.fun_72df80
mixed_leaves.o	0x0080a2d0	24	.text.fun_80a2d0
mixed_leaves.o	0x006f5fc0	36	.text.fun_6f5fc0
mixed_leaves.o	0x000d61c0	16	.text.fun_0d61c0
mixed_leaves.o	0x0079e9c0	16	.text.fun_79e9c0
mixed_leaves.o	0x0073fe20	12	.text.fun_73fe20
mixed_leaves.o	0x007be8c0	12	.text.fun_7be8c0
mixed_leaves.o	0x00807510	16	.text.fun_807510
mixed_leaves.o	0x00804fd0	16	.text.fun_804fd0
mixed_leaves.o	0x007ec9a0	16	.text.fun_7ec9a0
mixed_leaves.o	0x00879800	20	.text.fun_879800
mixed_leaves.o	0x008040c0	20	.text.fun_8040c0
mixed_leaves.o	0x001f1140	24	.text.fun_1f1140
mixed_leaves.o	0x001f1170	24	.text.fun_1f1170
mixed_leaves.o	0x001f11a0	48	.text.fun_1f11a0
mixed_leaves.o	0x00766ce0	28	.text.fun_766ce0
mixed_leaves.o	0x00719100	20	.text.fun_719100
mixed_leaves.o	0x007ad990	20	.text.fun_7ad990
mixed_leaves.o	0x007f81b0	20	.text.fun_7f81b0
mixed_leaves.o	0x002f2210	24	.text.fun_2f2210
mixed_leaves.o	0x0079e330	24	.text.fun_79e330
mixed_leaves.o	0x008160a0	24	.text.fun_8160a0
mixed_leaves.o	0x008aa880	24	.text.fun_8aa880
mixed_leaves.o	0x007ae9e0	28	.text.fun_7ae9e0
mixed_leaves.o	0x0031e010	32	.text.fun_31e010
mixed_leaves.o	0x0072cf80	32	.text.fun_72cf80
mixed_leaves.o	0x0071dba0	36	.text.fun_71dba0
mixed_leaves.o	0x0071dbd0	36	.text.fun_71dbd0
mixed_leaves.o	0x007a6a00	36	.text.fun_7a6a00
mixed_leaves.o	0x0071b720	40	.text.fun_71b720
mixed_leaves.o	0x0087d640	12	.text.fun_87d640
mixed_leaves.o	0x008841e0	12	.text.fun_8841e0
setters.o	0x007b6a60	24	.text.fun_7b6a60
setters.o	0x007a3c90	24	.text.fun_7a3c90
setters.o	0x007b7830	40	.text.fun_7b7830
setters.o	0x0072e1c0	8	.text.fun_72e1c0
setters.o	0x0072e300	8	.text.fun_72e300
setters.o	0x00879820	8	.text.fun_879820
setters.o	0x007f8380	8	.text.fun_7f8380
setters.o	0x007b2b10	12	.text.fun_7b2b10
setters.o	0x0080a250	12	.text.fun_80a250
setters.o	0x00826740	12	.text.fun_826740
setters.o	0x00826c20	12	.text.fun_826c20
setters.o	0x0086b3c0	12	.text.fun_86b3c0
arith_samples.o	0x00705270	12	.text.fun_705270
arith_samples.o	0x0077c6d0	12	.text.fun_77c6d0
arith_samples.o	0x00783ec0	12	.text.fun_783ec0
arith_samples.o	0x00786170	12	.text.fun_786170
arith_samples.o	0x007875e0	12	.text.fun_7875e0
arith_samples.o	0x0078a360	12	.text.fun_78a360
arith_samples.o	0x007925b0	12	.text.fun_7925b0
arith_samples.o	0x007925c0	12	.text.fun_7925c0
arith_samples.o	0x007f3890	16	.text.fun_7f3890
arith_samples.o	0x0089e2c0	16	.text.fun_89e2c0
arith_samples.o	0x008aa960	16	.text.fun_8aa960
arith_samples.o	0x008aab20	16	.text.fun_8aab20
arith_samples.o	0x000b53d0	24	.text.fun_0b53d0
arith_samples.o	0x000b54a0	24	.text.fun_0b54a0
bit_samples.o	0x0071db30	8	.text.fun_71db30
bit_samples.o	0x0071db40	8	.text.fun_71db40
bit_samples.o	0x0071db60	8	.text.fun_71db60
bit_samples.o	0x00726020	8	.text.fun_726020
bit_samples.o	0x0087d820	8	.text.fun_87d820
bit_samples.o	0x0076f960	8	.text.fun_76f960
bit_samples.o	0x00884e80	8	.text.fun_884e80
branched_leaves12.o	0x007d2880	8	.text.fun_7d2880
branched_leaves12.o	0x007edbf0	8	.text.fun_7edbf0
branched_leaves12.o	0x00816240	8	.text.fun_816240
empty_leaves.o	0x00254090	4	.text.fun_254090
empty_leaves.o	0x006bec50	4	.text.fun_6bec50
empty_leaves.o	0x006bec90	4	.text.fun_6bec90
empty_leaves.o	0x006c7740	4	.text.fun_6c7740
empty_leaves.o	0x006c7770	4	.text.fun_6c7770
empty_leaves.o	0x006cb260	4	.text.fun_6cb260
empty_leaves.o	0x007058e0	4	.text.fun_7058e0
empty_leaves.o	0x0071db10	4	.text.fun_71db10
empty_leaves.o	0x0071db20	4	.text.fun_71db20
empty_leaves.o	0x0071db50	4	.text.fun_71db50
empty_leaves.o	0x0071db70	4	.text.fun_71db70
empty_leaves.o	0x0071db90	4	.text.fun_71db90
empty_leaves.o	0x007264d0	4	.text.fun_7264d0
empty_leaves.o	0x007378d0	4	.text.fun_7378d0
empty_leaves.o	0x0074bf60	4	.text.fun_74bf60
empty_leaves.o	0x007edde0	4	.text.fun_7edde0
empty_leaves.o	0x007f0770	4	.text.fun_7f0770
empty_leaves.o	0x007f0850	4	.text.fun_7f0850
empty_leaves.o	0x007f3270	4	.text.fun_7f3270
empty_leaves.o	0x007f40f0	4	.text.fun_7f40f0
empty_leaves.o	0x007f4100	4	.text.fun_7f4100
empty_leaves.o	0x007f4120	4	.text.fun_7f4120
empty_leaves.o	0x007f4130	4	.text.fun_7f4130
empty_leaves.o	0x008234a0	4	.text.fun_8234a0
empty_leaves.o	0x00824fa0	4	.text.fun_824fa0
empty_leaves.o	0x008562a0	4	.text.fun_8562a0
empty_leaves.o	0x00858a00	4	.text.fun_858a00
empty_leaves.o	0x008798c0	4	.text.fun_8798c0
float_and_tls.o	0x00875fc0	12	.text.fun_875fc0
float_and_tls.o	0x007407e0	20	.text.fun_7407e0
getters.o	0x0006f790	8	.text.fun_06f790
getters.o	0x0016b5d0	8	.text.fun_16b5d0
getters.o	0x002f52e0	8	.text.fun_2f52e0
getters.o	0x006f4710	8	.text.fun_6f4710
getters.o	0x00727740	8	.text.fun_727740
getters.o	0x00740000	8	.text.fun_740000
getters.o	0x00758d30	8	.text.fun_758d30
getters.o	0x00762990	8	.text.fun_762990
getters.o	0x007629a0	8	.text.fun_7629a0
getters.o	0x00770f40	8	.text.fun_770f40
getters.o	0x007915b0	8	.text.fun_7915b0
getters.o	0x00797a70	8	.text.fun_797a70
getters.o	0x0079e200	8	.text.fun_79e200
getters.o	0x0079e210	8	.text.fun_79e210
getters.o	0x007b2b70	8	.text.fun_7b2b70
getters.o	0x0080a080	8	.text.fun_80a080
getters.o	0x00825b40	8	.text.fun_825b40
getters.o	0x000786b0	12	.text.fun_0786b0
getters.o	0x000786c0	12	.text.fun_0786c0
leaf_samples.o	0x0007dfc0	8	.text.fun_07dfc0
leaf_samples.o	0x0007f730	8	.text.fun_07f730
leaf_samples.o	0x00080a10	8	.text.fun_080a10
leaf_samples.o	0x0055b290	8	.text.fun_55b290
leaf_samples.o	0x006f2cb0	8	.text.fun_6f2cb0
leaf_samples.o	0x006f2cc0	8	.text.fun_6f2cc0
leaf_samples.o	0x006f4520	8	.text.fun_6f4520
leaf_samples.o	0x006f4530	8	.text.fun_6f4530
leaf_samples.o	0x00725090	8	.text.fun_725090
leaf_samples.o	0x00725fa0	8	.text.fun_725fa0
leaf_samples.o	0x00725ff0	8	.text.fun_725ff0
leaf_samples.o	0x00726000	8	.text.fun_726000
leaf_samples.o	0x00726010	8	.text.fun_726010
leaf_samples.o	0x007264c0	8	.text.fun_7264c0
leaf_samples.o	0x00726e20	8	.text.fun_726e20
leaf_samples.o	0x0072dc50	8	.text.fun_72dc50
leaf_samples.o	0x007357c0	8	.text.fun_7357c0
leaf_samples.o	0x0073abd0	8	.text.fun_73abd0
leaf_samples.o	0x0073f010	8	.text.fun_73f010
leaf_samples.o	0x007edc00	8	.text.fun_7edc00
leaf_samples.o	0x007f22c0	8	.text.fun_7f22c0
leaf_samples.o	0x007f3f10	8	.text.fun_7f3f10
leaf_samples.o	0x007f40e0	8	.text.fun_7f40e0
leaf_samples.o	0x007f4110	8	.text.fun_7f4110
leaf_samples.o	0x008aa5a0	8	.text.fun_8aa5a0
main.o	0x00000000	8	.text.startup.main
setters.o	0x007ad280	12	.text.fun_7ad280
setters.o	0x007bcb00	12	.text.fun_7bcb00
setters.o	0x008a9e00	16	.text.fun_8a9e00
setters.o	0x008aa5c0	16	.text.fun_8aa5c0
setters.o	0x007f4a20	8	.text.fun_7f4a20
setters.o	0x00806ae0	8	.text.fun_806ae0
setters.o	0x008704c0	8	.text.fun_8704c0
setters.o	0x00762950	8	.text.fun_762950
setters.o	0x007ae7b0	8	.text.fun_7ae7b0
setters.o	0x007a1bd0	24	.text.fun_7a1bd0
setters.o	0x007ad9b0	24	.text.fun_7ad9b0
setters.o	0x007bbbe0	24	.text.fun_7bbbe0
setters.o	0x007b07b0	24	.text.fun_7b07b0
setters.o	0x007b5640	24	.text.fun_7b5640
setters.o	0x00825080	8	.text.fun_825080
setters.o	0x007f3ac0	8	.text.fun_7f3ac0
