rodata_off	key	variant	length	plaintext	source
0x009c29a1	0xd3c5d3e9a5c3dffb	counter_xor	32	袣褕褋袝蝎胁械褋袥挟写肖袡褌褎褌些袝褍袚袣褍胁褍袧袘卸啸协卸褏卸	multi_variant
0x0085f688	0x0b9727712bd3710f	counter_cumsum	18	蟹邪褉械谐懈褋褌褉懈褉芯胁邪薪薪褘泄	multi_variant
0x008fb9c8	0x1b4d3197319727a9	counter_cumsum	19	(褕械褋褌薪邪写褑邪褌械褉懈褔薪褘泄)	multi_variant
0x8fb9c8	0x1b4d3197319727a9	counter_cumsum	20	(褕械褋褌薪邪写褑邪褌械褉懈褔薪褘泄)	immediate_walker
0x008fb8b0	0x51f58571cddb4f0b	counter_cumsum	32	袩褉芯斜褍械屑 屑褍谢褜褌懈锌褉芯谐褉邪屑薪褘泄 胁邪褉懈邪薪褌	multi_variant
0x858b60	0x690325cdb72339dd	counter_cumsum	15	褉械写邪泻褌懈褉褍褜褗袧袠携校	immediate_walker
0x008fd2b0	0x999d4b3b8b37d57d	counter_xor	16	袩褉械写褍锌褉械卸写械薪懈褟: 	multi_variant
0x008f76a8	0x41836b3f6d83a1df	counter_xor	32	袪械泻芯屑械薪写褍械褌褋褟 蟹邪屑械薪懈褌褜 SD 泻邪褉褌褍 	multi_variant
0x008fb8d8	0x1b358ba3cff317c1	counter_xor	17	褝泻褋锌芯褉褌懈褉芯胁邪薪: {}	multi_variant
0x009000e8	0xcbd183fffdf7b7d1	counter_xor	18	褍褋褌邪薪芯胁谢械薪薪褘械 懈谐褉褘	multi_variant
0x8577b8	0xa99907975fab8d47	counter_cumsum	14	锌谢械泄褋褏芯谢写械褉芯胁	immediate_walker
0x85a690	0x8ba31d5705cf6377	counter_cumsum	13	袪芯写懈褌械谢褜褋泻懈泄	immediate_walker
0x85aa90	0xa989dfbd29d3d7f7	counter_cumsum	12	褉芯写懈褌械谢褜褋泻芯谐	immediate_walker
0x85b1c8	0xc1d99f3b4bd991c7	counter_cumsum	13	袚械薪械褉懈褉褍械褌褋褟	immediate_walker
0x858258	0x4dab2141bbd30dff	counter_cumsum	13	袨孝小校孝小孝袙校袝孝.q	immediate_walker
0x8595d0	0x097fd7258f4b41a3	counter_cumsum	12	胁芯蟹褉邪褋褌薪芯谐芯	immediate_walker
0x859e50	0xa9cbb3f5112bfd7b	counter_cumsum	12	袩芯卸邪谢褍泄褋袞斜袧	immediate_walker
0x85a058	0x9d991dd9c9199135	counter_cumsum	11	褌褉械斜芯胁邪薪泄褌小	immediate_walker
0x857d08	0xedbf0d572d3bf945	counter_cumsum	11	褍褋褌褉芯泄褋褌袪袥(	immediate_walker
0x8587b8	0xebc9d71f67afcdbb	counter_cumsum	13	懈薪褌械褉褎械泄褋邪: A	immediate_walker
0x859468	0x71fdb3b94379c919	counter_cumsum	11	泻芯薪褌械薪褌械些谐A	immediate_walker
0x859b18	0x636381356d654d07	counter_cumsum	11	袩芯泻邪蟹褘胁邪褌褜>	immediate_walker
0x859b80	0x41fbfd3f2baffbeb	counter_cumsum	10	泻邪褉褌褉懈写卸械邪	immediate_walker
0x85a968	0xbb43cfebb327fbf9	counter_cumsum	10	褋泻邪褔邪薪薪芯薪蝎	immediate_walker
0x85aaf8	0xf9f103f1d567cf0d	counter_cumsum	12	锌褉芯褕懈胁泻懈袘袗H斜	immediate_walker
0x008f53b8	0x29456b557951478b	counter_xor	32	斜褘谢懈 芯褕懈斜泻懈. 袩褉芯胁械褉褜褌械 薪邪谢懈褔懈械 E	multi_variant
0x857570	0x9feb11c90fef2bf1	counter_cumsum	9	袨锌械褉邪褑懈褟写	immediate_walker
0x857ba0	0xe3630bb39de37dcf	counter_cumsum	10	校写邪谢褟械褌褋褟	immediate_walker
0x857fb0	0xc561b1ebefdfafdd	counter_cumsum	11	袩芯谢褍褔械薪薪楔%o	immediate_walker
0x8580d0	0x13359f2b8f0fe179	counter_cumsum	10	袨卸懈写邪械屑褘写h	immediate_walker
0x8591d8	0xadcfa30549ddbf1d	counter_cumsum	9	小芯蟹写邪薪懈械笑	immediate_walker
0x859a88	0x0fa71533ff8f5111	counter_cumsum	11	袗胁褌芯锌芯胁褌褕Y袠	immediate_walker
0x85a2d8	0x0f21471511ffa1a1	counter_cumsum	10	褋谢械写褍褞褖懈褖)	immediate_walker
0x85a458	0xd7439f3541addbe7	counter_cumsum	9	褋芯蟹写邪薪懈褟褋	immediate_walker
0x85a618	0xe1f9abd1e3514d83	counter_cumsum	9	蟹邪锌褍褖械薪褘袠	immediate_walker
0x85aa70	0xa77961a76da12f81	counter_cumsum	10	屑芯斜懈谢褜薪褘褕,	immediate_walker
0x85aba0	0x57e1db7fdd695d39	counter_cumsum	10	袟邪锌褍褋褌懈褌褜	immediate_walker
0x008f7680	0x0bb593d1c3a7a55f	counter_cumsum	32	蟹邪锌懈褋懈 薪邪 薪芯褋懈褌械谢褜 褋谢懈褕泻芯屑 薪懈蟹泻邪	multi_variant
0x008fd400	0x4fd7c925bd4b5361	counter_cumsum	32	袣邪卸械褌褋褟 胁邪褕邪 SD 泻邪褉褌邪 褟胁谢褟械褌褋褟 锌	multi_variant
0x008fff58	0x953dd3a1b585d35d	counter_xor	32	胁褉械屑械薪懈 褔械褉械蟹 袠薪褌械褉薪械褌 胁 薪邪褋褌褉芯泄	multi_variant
0x009002d8	0x03d39d4d0579b1cd	counter_cumsum	19	懈谢懈 芯褋褌邪胁褜褌械 锌褍褋褌褘屑	multi_variant
0x8575a8	0x0725656b8bef4335	counter_cumsum	8	褋芯褏褉邪薪械薪	prefix_scan
0x857790	0x998521a5b12781c5	counter_cumsum	8	校写邪谢械薪懈械	prefix_scan
0x8577d0	0x9789ed57b36bd9ef	counter_cumsum	11	褋懈褋褌械屑薪芯|V斜	immediate_walker
0x857d68	0x9f15c9a33b2d0d6f	counter_cumsum	8	袙芯褋褋褌邪薪芯	prefix_scan
0x858290	0x2d6f036d75d789f1	counter_cumsum	8	校褋褌邪薪芯胁泻	prefix_scan
0x858ac8	0xed030bf9afedd19d	counter_cumsum	8	小芯褏褉邪薪械薪	prefix_scan
0x858c10	0xf5f5c57fd3e517c5	counter_cumsum	8	褏褉邪薪懈谢懈褖	prefix_scan
0x858c18	0xb5235d29a90b1715	counter_cumsum	8	锌芯褋褘谢邪械屑	prefix_scan
0x858c28	0xabe1412985df8513	counter_cumsum	8	小胁芯斜芯写薪芯	prefix_scan
0x858d40	0x559909ffd3d3b7ff	counter_cumsum	8	锌褉懈胁褟蟹泻懈	prefix_scan
0x858d68	0x2567ab97e33ba1cd	counter_cumsum	10	锌芯谢褍褔械薪懈'褍	immediate_walker
0x858fa8	0xc367335909bdbb4b	counter_cumsum	8	袩褉芯褋屑芯褌褉	prefix_scan
0x8595c0	0x59df6defc9d92357	counter_cumsum	9	蟹邪锌褉械褌芯胁t	immediate_walker
0x8596f8	0x53db7b698d4dcf8b	counter_cumsum	10	袩芯谢褍褔械薪懈V&	immediate_walker
0x8597c0	0x1dd7098fc98121fd	counter_cumsum	8	肖芯褉褋懈褉芯胁	prefix_scan
0x8598a0	0xedcbf77947cfdb3b	counter_cumsum	8	袠薪褎芯褉屑邪褑	prefix_scan
0x8598f0	0x8d0f5103d199b973	counter_cumsum	8	袩褉芯胁械褉褟褞	prefix_scan
0x859938	0xefc9f7495d2fc567	counter_cumsum	8	袩褉芯胁械褉泻邪	prefix_scan
0x859a68	0xe34defc71b53b787	counter_cumsum	8	芯斜薪芯胁谢械薪	prefix_scan
0x859c48	0x2571811187f15535	counter_cumsum	13	袠褋锌芯谢褜蟹芯8'i~4	immediate_walker
0x859e18	0x5dbb5b1fd1039357	counter_cumsum	8	校褋褌邪薪芯胁谢	prefix_scan
0x859ee0	0x5571470d9d0d6523	counter_cumsum	8	懈薪褎芯褉屑邪褑	prefix_scan
0x859f38	0x0dc505f513f12d2d	counter_cumsum	8	袟邪谐褉褍蟹泻邪	prefix_scan
0x85a180	0x05078773b707319b	counter_cumsum	8	袧邪褋褌褉芯泄泻	prefix_scan
0x85a340	0x953fc5a3d1431fe9	counter_cumsum	12	褋芯斜懈褉邪械褌P袪蝎谢	immediate_walker
0x85a540	0xc99955256dc14941	counter_cumsum	10	袣芯薪褌褉芯谢谢AD	immediate_walker
0x85a550	0x69e7c3df9353fb03	counter_cumsum	8	蟹薪邪褔械薪懈械	prefix_scan
0x85a5a0	0x879b751539874163	counter_cumsum	8	小芯褏褉邪薪褢薪	prefix_scan
0x85a5a8	0x879b751539874163	counter_cumsum	8	锌邪褉邪屑械褌褉	prefix_scan
0x85aac8	0xdb338d1929fdc993	counter_cumsum	8	袟邪胁械褉褕械薪	prefix_scan
0x85acd8	0x7991f55d09b5a18f	counter_cumsum	8	袟邪谐褉褍卸邪械	prefix_scan
0x85ace8	0x93dbcbd9e7bbf973	counter_cumsum	8	袟邪谐褉褍卸械薪	prefix_scan
0x85b0b0	0x872deb877559312b	counter_cumsum	8	邪褉谐褍屑械薪褌	prefix_scan
0x0083f2ac	0xa1afb5b11fa3ad89	counter_xor	32	楔褏斜k褌协邪褍袨褝卸U斜斜校褌袧邪褟!褞邪褉袪蝎褍褌[袛锌泻胁	multi_variant
0x00850723	0x8bad81fb5fc7e9df	counter_xor	32	褗袠谐_楔褞啸褜屑褜些V褟屑啸薪袗袣懈a些斜袡褔芯褖小P褋泻袞谢	multi_variant
0x00850761	0x95c1fbfffdd967af	counter_xor	32	袠%啸芯谐楔邪褌校;袙芯9薪袨褍袙+袡屑9些褑卸袙9携10褎袠褕	multi_variant
0x00900773	0xedf3ffc5cbcfe145	counter_xor	32	E谐芯泻械楔小袦F袚锌谢褎!孝袧G邪褟屑谐"校袨H褞褉薪褏%袞袩	multi_variant
0x009138a2	0x3137030b2137eb3b	counter_xor	32	袟)孝袝薪械袩蝎校&小袧邪泄袙袘袥?袡袙褜褋袧袣袚4袗鞋褋褜袝褌	multi_variant
0x00913dc1	0xddeb5dd9c7d5f7e3	counter_xor	32	挟袘懈泄褕z鞋谐挟袨褖褞卸[袦褟校袩锌芯褍G袚薪孝袧邪褌邪v褜褕	multi_variant
0x00998c66	0xe7e1390df56b370f	counter_xor	32	褋褏R袟褟褎褖啸谢谐A蝎褉械褉袚屑褎^鞋褋写褍肖薪械{袙谢褑协袝	multi_variant
0x00999eff	0x6b116531613b41e5	counter_xor	32	袗袗写褎5械袧邪袘袘褑芯6褎袦褝笑笑斜锌7谐袥褕袥袛邪褖0褏袣褉	multi_variant
0x0099c96b	0xc54f8fef6967bbd7	counter_xor	32	袚楔袛褏褗薪谢g啸效袣懈褞褋褋b袠蝎袡薪邪褌褉a袡鞋袠泻斜褍褟`	multi_variant
0x0099f86b	0xfd45056379d7219d	counter_xor	32	挟写A蝎袞笑褋协屑械N%*袧锌H薪泄Og<袦褟械褉芯LJ肖袛褔薪	multi_variant
0x009a26ec	0xabd303255fd1271d	counter_xor	32	袦邪-褉褌袝褕%袥薪褕袧褍袘+!袣芯薪袨褉笑泻#卸谢写袥褗挟懈 	multi_variant
0x009a2f35	0x8341c1370f6d3307	counter_xor	32	袧褑袞褞褔褌褖S袗 袪邪褟泻褔V挟&小斜锌芯褗Q笑0袥谐褋谢褜P	multi_variant
0x009a489b	0x5b81b3a17f999761	counter_xor	32	袣袝泄小[褞褉些小袥懈袩)邪褟屑孝袧褏H:屑锌啸袦袗芯J=懈胁袞	multi_variant
0x009b99c6	0xdf15c787eb8bd18f	counter_xor	32	泻褟屑袣芯谐_褗褝褉斜袥褜褏D挟械褋褕袦褟懈M袗薪褌锌袧袡泄z袘	multi_variant
0x00a032ec	0x65c5c91ba3cbcf77	counter_xor	32	楔屑芯s泻芯械袝校褉褏l谢谢褎袪孝褋懈e屑屑谐谐袙锌泄:薪泄褏褝	multi_variant
0x8575d0	0x27d1e363737fbba9	counter_cumsum	8	袧邪泄写械薪芯	prefix_scan
0x85aa00	0xc54b5723f1bb3307	counter_cumsum	9	褍胁械褉械薪褘,'	immediate_walker
0x008391de	0xd7d33b458387d1f5	counter_xor	32	校褟褑褞t;褋胁袞褉谢谐t<褌褜袙褋屑褎t=褍褘鞋褌薪械|>卸蟹	multi_variant
0x00839acf	0x632df5fdf5c5fbd3	counter_xor	32	褋懈袣械褋械-c褌芯啸褎锌褎.d褍薪袠谐褟褎/e卸泄肖褏.褏0f	multi_variant
0x00900420	0xe3fdbf235fa7c7fd	counter_cumsum	20	2邪褟 锌邪薪械谢褜, (+) 屑械薪褞	multi_variant
0x00997437	0x23db652581655311	counter_xor	32	袧写hk蟹携卸懈袦械kh褘啸褟薪袥褔ji褜袨锌芯袣褋en胁袡褋谢	multi_variant
0x0099c5aa	0x5f2b1bc14fb1fdd1	counter_xor	32	褕屑械薪泄+^褔褔薪写褟芯,[袗褖芯泻锌谢-T挟写0薪褋褍.U笑	multi_variant
0x009a06df	0x215faf29bb4d8b95	counter_xor	32	泻芯褟`w袡褑褑褏泄褉]t袙协泄懈械褋Tu鞋些芯褎写谢Or蝎效胁	multi_variant
0x009a11fc	0x5571470d9d0d6523	counter_xor	32	楔袟@小褌褜n;效蝎M袩褍胁H8蝎鞋A携褉卸W9鞋袙袨薪芯褍i6	multi_variant
0x009a1ca3	0x43b1b5ab412b55b1	counter_xor	32	芯谐褏懈褍&R泄谢斜芯薪褉#Q卸屑邪薪褋褋 P卸泄褞屑锌锌!W锌	multi_variant
0x009a3c27	0x43ef13df67f7a36f	counter_xor	32	袦袠谐芯]X褗袡袪啸褏斜bY褞袨小袣懈械cZ邪啸袩袞泄写`G斜袠	multi_variant
0x009a6627	0x9ba723d997bb8141	counter_xor	32	褉械褋q#e芯袘褝泄褌\Ri褞挟褖屑褍袚Eu邪V芯褍卸褟Pt斜}	multi_variant
0x009fd877	0xd3ed79a33dc90b3d	counter_xor	32	袝褏褏=+褗袥胁袡芯泻>x褖袨锌小薪泄?I褝袧褟协屑屑@b褍携褉	multi_variant
0x00a201a5	0x617549fbcd030f41	counter_xor	32	E褋泄谢楔邪褟`F袩屑芯协褉褉cG蝎谢薪些袨褟b@褎邪褟效鞋褔e	multi_variant
0x857728	0x9bfb6fe551c96181	counter_cumsum	10	袧邪泄写械薪 {效`	immediate_walker
0x857c08	0x9dcfc3b1450b25cd	counter_cumsum	8	袪邪蟹屑械褉:	prefix_scan
0x8582f8	0x63b5e159d1356371	counter_cumsum	9	薪械 屑芯卸械褌械	immediate_walker
0x858d38	0x11af317f19b1176f	counter_cumsum	11	褋芯泻械褌邪: 3K些	immediate_walker
0x8599d8	0x2de1b3e54b8fe961	counter_cumsum	8	芯褕懈斜泻邪:	prefix_scan
0x85a040	0xdfcb61f5734d13f3	counter_cumsum	10	NCA 褎邪泄谢褑胁	immediate_walker
0x85b0d0	0x1bcb07e5f1e1d733	counter_cumsum	10	邪胁邪褌邪褉..]5	immediate_walker
0x8fd278	0x17f10fdf890b991d	counter_cumsum	17	些褞F褎袩p袛~褑\h袪褋笑褍袦谐	immediate_walker
0x900420	0xe3fdbf235fa7c7fd	counter_cumsum	21	2邪褟 锌邪薪械谢褜, (+) 屑械薪褞	immediate_walker
0x0085dac0	0xdfc3377757c7d1cb	counter_xor	32	屑胁邪Qq1械褘泄褌薪^~>斜肖泄褌薪^~>斜肖懈褋屑]}=邪袝	multi_variant
0x00999eef	0xc72dd1d5793b41f7	counter_xor	32	小袗写袘褟q褉Y协袘褑褕褉r褟l些笑斜褝褋s锌c效袛邪褟褝t芯z	multi_variant
0x009a0a33	0x1fc9b9150b4d8987	counter_xor	32	袝褌锌屑w袚T泻袥褍褋写t蟹W协袣袡褉邪u褘V袣啸袨屑谢z褜Q袝	multi_variant
0x009a119d	0x873d8b7b0bb7077b	counter_xor	32	袛邪蟹泄袛gPE笑卸褍芯笑@SL袘袗褌褏袘_RO袗芯胁懈袗t-B	multi_variant
0x009a1417	0x070981a3fd2965a9	counter_xor	32	褕褎懈肖褟%袠/褜褑泄褋卸$袡$褘褞泻芯胁+袣;褔邪谢;褌.袥6	multi_variant
0x009a1caf	0x590bdd9fc1334997	counter_xor	32	袠褝锌S袗K啸懈肖褖胁Q褔F袨薪袚褉卸U褗E袧褍袛胁褍_褝|袦褞	multi_variant
0x009a2156	0x2f7fc3afcb834f51	counter_xor	32	校泄械.'F8泄褑褍谢):A懈褍楔褌芯(褝@泄褌褞胁泄+)C芯胁	multi_variant
0x009a774d	0x2921abad29c94559	counter_xor	32	,谢X褘褜)褞褕/斜+褘褕)褑褔.4Y褟蟹.斜胁)褏-褉械褋械褋	multi_variant
0x009c785a	0xd9f72fcf57f3e7cf	counter_xor	32	芯袚锌T芯/芯谐锌啸斜F锌0协褘褟袠谢G褟1薪械褉袡袪Y褉2褞斜	multi_variant
0x8582a8	0x673931653de3f76b	counter_cumsum	11	肖邪泄谢褘 懈谐袚'k	immediate_walker
0x858808	0x13d905d7c92be5c7	counter_cumsum	12	薪邪 SD 泻邪褉褌械	immediate_walker
0x85b128	0xe3fdbf235fa7c7fd	counter_cumsum	13	胁褘斜芯褉, A些械m屑袪	immediate_walker
0x00839b36	0x1bcb07e5f1e1d733	counter_xor	32	3胁锌械泻7袝+4褜褋谐褏8袘,5褘褉械懈9笑-6蟹褍褑褎:挟.	multi_variant
0x0099c8e6	0x4717f9b3f9b7c51d	counter_xor	32	o校f{褞懈械械j袞kx邪泄谢泄i袙ly斜泻芯泻X鞋m~芯谢斜褏	multi_variant
0x009a22a3	0x13056bb79b2f4b63	counter_xor	32	袛褟泄袨0袩挟D笑锌褍孝?携笑z袘褋褌写>袪袘F袗袧胁些=芯袦|	multi_variant
0x009a46b3	0xc583bb5171619f79	counter_xor	32	袦袞3袝褏褟褟W笑芯0袠谐谢卸.孝锌1啸泄芯胁C袞褟6袗屑泄褌[	multi_variant
0x00a031b5	0xb5efd1d16de9c307	counter_xor	32	蝎械袠械#锌袣q袞斜袡褉 褋孝*袙褑袣楔 褉校#孝褞袥袥'褍袞@	multi_variant
0x00a15973	0xedd51dcf3b017bef	counter_xor	32	袣泻卸:芯袦|袥孝锌褍=锌褉|袨校褘褌<褟泻}袧袞袘褋?褉挟s携	multi_variant
0x00a21337	0x093f23c5fffbeded	counter_xor	32	袨袦'1谐'袨谐袥袧`芯写 锌械袦袨I薪械!袠写袪袩:屑泄"袟褑	multi_variant
0x837820	0xaff7c78d7d91c927	counter_cumsum	11	E袦芯笑褟i袦褏"械邪	immediate_walker
0x857ca0	0x75cb5d4951c92ddd	counter_cumsum	12	?;啸4P<褜4些薪袧袧	immediate_walker
0x85a280	0x073d6fcba327314b	counter_cumsum	10	(+) 屑械薪褞:褜	immediate_walker
0x8fbbe0	0xb515639d1f513507	counter_cumsum	8	懈谐褉褘	prefix_scan
0x0085dbd0	0x37c937cb4bd7cdc1	counter_xor	32	邪屑械X褗#褝"褌褜薪Z褕/褖/褕胁邪U褍!褋!褖懈褑W胁#褍#	multi_variant
0x00996e61	0xc7932fe9399121c5	counter_xor	32	芯泻n#挟械l锌芯褏m.笑蟹k褘薪懈l5袘褕j斜邪薪k4袝褜i芯	multi_variant
0x009a2a84	0x5fef8bab57efd78f	counter_xor	32	褉?协褑校c袥泻芯0袙谢谢d挟孝袩1谐屑芯e蟹校携2谐薪泄f褋袞	multi_variant
0x009a377b	0x4531574f6535c141	counter_xor	32	褞65袝薪褎2蟹邪P5褎褋泻1袚褞W4械褉谢0袛谐R;谢褟屑7袦	multi_variant
0x009ba7dd	0xedcbf77947cfdb3b	counter_xor	32	;袛芯{y薪泻褕<袨锌xz褍谢写=袟褟m{褜屑携>械褉R|袨薪袘	multi_variant
0x009eca31	0x57c10f2b29c5534b	counter_xor	32	褗褌谐)芯薪褞S褞褋写*褜褟褑\械褉械+袗褋斜]褔锌泄,袟锌械^	multi_variant
0x00a037dd	0xb929cbc7a983c5d1	counter_xor	32	褉邪O1邪泻械:褟斜@2薪谢卸9锌褑53芯屑芯>胁谢.4谢薪褜9	multi_variant
0x00a1873d	0x59e15f5f11df2b55	counter_xor	32	校(芯屑邪\挟袠袙/袛褉邪c袘肖袞.袝褋邪b袘泻楔-肖褜袨a袝褞	multi_variant
0x00a227fb	0xbb35d7356929e539	counter_xor	32	芯袚)袠斜褍1O谢袛*肖邪蟹& 谢袝+褑褞褕3}泻袡,锌芯褜<z	multi_variant
0x837850	0x2995a31f6fd5f551	counter_cumsum	10	3谐ms袨袣褟.N袦	immediate_walker
0x8586d8	0xb32f0fabd9bd6f85	counter_cumsum	11	卸U袧泄斜EGK锌@效	immediate_walker
0x85a520	0x7babe30d110b4333	counter_cumsum	12	褋袡!d{褎屑 w斜懈懈	immediate_walker
