text_pc	key	length	rodata_off	n_imm	plaintext
0x710337f4	0x0dbd8b798f8ddfd3	12	0x8585e0	1	–±hct—Е–Ч("–Т–≤e–£
0x71038348	0xb32f0fabd9bd6f85	11	0x8586d8	1	–ґU–Э–є–±EGK–њ@–І
0x71094e30	0x9feb11c90fef2bf1	9	0x857570	1	–Ю–њ–µ—А–∞—Ж–Є—П–і
0x710b9030	0x27d1e363737fbba9	11	0x8575d0	1	–Э–∞–є–і–µ–љ–Њ —Бz–Ч
0x710c83d8	0x9bfb6fe551c96181	10	0x857728	1	–Э–∞–є–і–µ–љ {–І`
0x710d04c0	0xa99907975fab8d47	14	0x8577b8	2	–њ–ї–µ–є—Б—Е–Њ–ї–і–µ—А–Њ–≤
0x710d19f8	0x9789ed57b36bd9ef	11	0x8577d0	1	—Б–Є—Б—В–µ–Љ–љ–Њ|V–±
0x710d1b38	0x9789ed57b36bd9ef	11	0x8577d0	1	—Б–Є—Б—В–µ–Љ–љ–Њ|V–±
0x7112d3a0	0xe3630bb39de37dcf	10	0x857ba0	1	–£–і–∞–ї—П–µ—В—Б—П
0x7115c640	0x75cb5d4951c92ddd	12	0x857ca0	1	?;–•4P<—М4–©–љ–Э–Э
0x7115f998	0xedbf0d572d3bf945	11	0x857d08	1	—Г—Б—В—А–Њ–є—Б—В–†–Ы(
0x711ab338	0xc561b1ebefdfafdd	11	0x857fb0	0	–Я–Њ–ї—Г—З–µ–љ–љ–®%o
0x711c0910	0x13359f2b8f0fe179	10	0x8580d0	0	–Ю–ґ–Є–і–∞–µ–Љ—Л–іh
0x711e1350	0x2d6f036d75d789f1	10	0x858290	0	–£—Б—В–∞–љ–Њ–≤–Ї–Ї
0x711e7740	0x4dab2141bbd30dff	13	0x858258	2	–Ю–Ґ–°–£–Ґ–°–Ґ–Т–£–Х–Ґ.q
0x711e8c00	0x673931653de3f76b	11	0x8582a8	0	–§–∞–є–ї—Л –Є–≥–У'k
0x711ef528	0x63b5e159d1356371	9	0x8582f8	0	–љ–µ –Љ–Њ–ґ–µ—В–µ
0x71209560	0xebc9d71f67afcdbb	13	0x8587b8	2	–Є–љ—В–µ—А—Д–µ–є—Б–∞: A
0x71211590	0x13d905d7c92be5c7	12	0x858808	1	–љ–∞ SD –Ї–∞—А—В–µ
0x71247ac8	0xf79b4d9d8f817f73	9	0x858a60	1	–£–і–∞–ї–µ–љ–Є–µ9
0x7124db88	0x3bf9dbc139d9c3ab	9	0x858ac0	1	–°–Њ–Ј–і–∞–љ–Є–µ6
0x7124fab8	0x43d3b5832dc1097b	11	0x858a88	1	—Б–Њ—Е—А–∞–љ–µ–љ),–Э
0x71259d38	0x690325cdb72339dd	15	0x858b60	2	—А–µ–і–∞–Ї—В–Є—А—Г—М—К–Э–Ш–ѓ–£
0x7125afd0	0x690325cdb72339dd	15	0x858b60	2	—А–µ–і–∞–Ї—В–Є—А—Г—М—К–Э–Ш–ѓ–£
0x7125d438	0x690325cdb72339dd	15	0x858b60	2	—А–µ–і–∞–Ї—В–Є—А—Г—М—К–Э–Ш–ѓ–£
0x71269c28	0xb5235d29a90b1715	12	0x858c18	1	–њ–Њ—Б—Л–ї–∞–µ–Љz—Е—В~
0x7126a140	0xabe1412985df8513	10	0x858c28	0	–°–≤–Њ–±–Њ–і–љ–Њ–°;
0x7128c140	0x559909ffd3d3b7ff	9	0x858d40	0	–њ—А–Є–≤—П–Ј–Ї–Є–ђ
0x7128cd58	0x11af317f19b1176f	11	0x858d38	1	—Б–Њ–Ї–µ—В–∞: 3K–©
0x71291910	0x2567ab97e33ba1cd	10	0x858d68	0	–њ–Њ–ї—Г—З–µ–љ–Є'—Г
0x71293be8	0x2567ab97e33ba1cd	10	0x858d68	0	–њ–Њ–ї—Г—З–µ–љ–Є'—Г
0x7131e9d0	0xadcfa30549ddbf1d	9	0x8591d8	1	–°–Њ–Ј–і–∞–љ–Є–µ–¶
0x713a2210	0x71fdb3b94379c919	11	0x859468	1	–Ї–Њ–љ—В–µ–љ—В–µ–©–≥A
0x713b6e84	0x59df6defc9d92357	9	0x8595c0	1	–Ј–∞–њ—А–µ—В–Њ–≤t
0x713b71f8	0x097fd7258f4b41a3	12	0x8595d0	1	–≤–Њ–Ј—А–∞—Б—В–љ–Њ–≥–Њ
0x713cb408	0x53db7b698d4dcf8b	10	0x8596f8	1	–Я–Њ–ї—Г—З–µ–љ–ЄV&
0x713d3b08	0x1b4d3197319727a9	20	0x8fb9c8	0	(—И–µ—Б—В–љ–∞–і—Ж–∞—В–µ—А–Є—З–љ—Л–є)
0x713e0730	0x1dd7098fc98121fd	12	0x8597c0	1	–§–Њ—А—Б–Є—А–Њ–≤—Г–ТyC
0x713f1638	0xedcbf77947cfdb3b	10	0x8598a0	1	–Ш–љ—Д–Њ—А–Љ–∞—Ж
0x713f3468	0x1dd7098fc98121fd	12	0x8597c0	1	–§–Њ—А—Б–Є—А–Њ–≤—Г–ТyC
0x713fdc28	0xefc9f7495d2fc567	9	0x859938	1	–Я—А–Њ–≤–µ—А–Ї–∞,
0x71403ccc	0xddf399c9d9ab291b	12	0x859988	1	–Ї–Њ–љ—В–µ–љ—В–µ>A–Ь–≥
0x71418840	0x0fa71533ff8f5111	11	0x859a88	1	–Р–≤—В–Њ–њ–Њ–≤—В—ИY–Ш
0x7141b578	0xa71d95fb9f3d3191	10	0x83e310	1	—А"so–©–ЦrE–С–С
0x7141dc08	0x636381356d654d07	11	0x859b18	1	–Я–Њ–Ї–∞–Ј—Л–≤–∞—В—М>
0x71421518	0x41fbfd3f2baffbeb	10	0x859b80	1	–Ї–∞—А—В—А–Є–і–ґ–µ–∞
0x71422a48	0xa989514905cf638f	9	0x859bb0	1	–Я—А–Њ—Б–Љ–Њ—В—Аc
0x71428090	0x2571811187f15535	13	0x859c48	0	–Ш—Б–њ–Њ–ї—М–Ј–Њ8'i~4
0x7145ad00	0x5dbb5b1fd1039357	9	0x859e18	1	–£—Б—В–∞–љ–Њ–≤–ї–±
0x7145c9d8	0xa9cbb3f5112bfd7b	12	0x859e50	1	–Я–Њ–ґ–∞–ї—Г–є—Б–Ц–±–Э
0x7145cb10	0xa9cbb3f5112bfd7b	13	0x859e50	2	–Я–Њ–ґ–∞–ї—Г–є—Б–Ц–±–Э
0x7145f7f0	0xefc13fbd29a59bf5	9	0x859ed0	1	–°–Њ–Ј–і–∞–љ–Є–µ#
0x71463f78	0x5571470d9d0d6523	11	0x859ee0	1	–Є–љ—Д–Њ—А–Љ–∞—Ж–•N\
0x7147b798	0x17f10fdf890b991d	17	0x8fd278	3	–©—ОF—Д–Яp–Ф~—Ж\h–†—Б–¶—Г–Ь–≥
0x7147bd10	0xdfcb61f5734d13f3	10	0x85a040	1	NCA —Д–∞–є–ї—Ж–≤
0x7147c670	0x9d991dd9c9199135	11	0x85a058	0	—В—А–µ–±–Њ–≤–∞–љ–є—В–°
0x7149fd08	0x3bf5c503ff4131cb	12	0x85a1b8	1	–Я–Њ–ґ–∞–ї—Г–є—Б—В–∞,
0x714a42d0	0x2995a31f6fd5f551	10	0x837850	0	3–≥ms–Ю–Ъ—П.N–Ь
0x714a7b24	0x6bbda3b733f199cf	9	0x85a230	0	–Я—А–Њ–≤–µ—А–Ї–∞d
0x714b2128	0x7fd7196df1db7f3d	11	0x85a260	0	—Б–Њ—Е—А–∞–љ–µ–љUb–§
0x714b2c80	0x073d6fcba327314b	10	0x85a280	1	(+) –Љ–µ–љ—О:—М
0x714b2dd8	0x073d6fcba327314b	14	0x85a280	2	(+) –Љ–µ–љ—О–Ь–Шf"–Ю_
0x714b64e0	0x298f5f038fbd5d53	9	0x85a2a0	0	–£–і–∞–ї–µ–љ–Є–µH
0x714b6da0	0xaff7c78d7d91c927	11	0x837820	0	E–Ь–Њ–¶—Пi–Ь—Е"–µ–∞
0x714ba360	0x0f21471511ffa1a1	10	0x85a2d8	1	—Б–ї–µ–і—Г—О—Й–Є—Й)
0x714be618	0x953fc5a3d1431fe9	12	0x85a340	1	—Б–Њ–±–Є—А–∞–µ—ВP–†–Ђ–ї
0x714cba50	0xd7439f3541addbe7	9	0x85a458	1	—Б–Њ–Ј–і–∞–љ–Є—П—Б
0x714cf540	0xb7695b379fe16363	10	0x85a460	1	–Ш–љ—Д–Њ—А–Љ–∞—Ж–Є—П
0x714d21a0	0x9701c9671dcf911d	12	0x85a498	1	–§–Њ—А—Б–Є—А–Њ–≤–∞–љ–Њ
0x714d22f0	0x9701c9671dcf911d	9	0x85a498	0	–§–Њ—А—Б–Є—А–Њ–≤U
0x714d4d88	0xc98b433b154591f5	9	0x85a4c0	0	–Ш–љ—Д–Њ—А–Љ–∞—Ж–У
0x714d5b78	0x15697f77f729ab49	16	0x85baa0	0	–Ј–љ–∞—З–µ–љ–Є–µ) : {}%
0x714dad78	0x7babe30d110b4333	12	0x85a520	1	—Б–Щ!d{—Д–Љ w–±–Є–Є
0x714dd328	0xc99955256dc14941	10	0x85a540	0	–Ъ–Њ–љ—В—А–Њ–ї–їAD
0x714ef2b8	0xe1f9abd1e3514d83	9	0x85a618	0	–Ј–∞–њ—Г—Й–µ–љ—Л–Ш
0x714f7610	0x8ba31d5705cf6377	13	0x85a690	2	–†–Њ–і–Є—В–µ–ї—М—Б–Ї–Є–є
0x714f7748	0x8ba31d5705cf6377	16	0x85a690	2	–†–Њ–і–Є—В–µ–ї—М—Б–Ї–Є–є#A–Хq
0x715323c8	0x536bcb5581734b61	13	0x85a870	2	–£–і–∞–ї–µ–љ–Є–µ(t–•j–љ
0x71532950	0x532fe97db155611f	10	0x85a888	1	—Б–ї–µ–і—Г—О—Й–Є–ЩL
0x715381a8	0x55dd8d8151775bd1	14	0x85a8e0	2	–£—Б—В–∞–љ–Њ–≤–ї–µ–љ–љ—Л\–Щ
0x71542dd0	0xbb43cfebb327fbf9	10	0x85a968	0	—Б–Ї–∞—З–∞–љ–љ–Њ–љ–Ђ
0x7154a098	0xc54b5723f1bb3307	9	0x85aa00	0	—Г–≤–µ—А–µ–љ—Л,'
0x7154f6a0	0x05a1859fc91faf51	9	0x85aa58	1	—А–Њ–і–Є—В–µ–ї—М+
0x71550f50	0xa77961a76da12f81	10	0x85aa70	1	–Љ–Њ–±–Є–ї—М–љ—Л—И,
0x715510b0	0xa77961a76da12f81	15	0x85aa70	2	–Љ–Њ–±–Є–ї—М–љ—Л%D–§T–©_—Л
0x71551cd0	0xa989dfbd29d3d7f7	12	0x85aa90	1	—А–Њ–і–Є—В–µ–ї—М—Б–Ї–Њ–≥
0x71554d60	0xdb338d1929fdc993	10	0x85aac8	1	–Ч–∞–≤–µ—А—И–µ–љe–І
0x715581b8	0xf9f103f1d567cf0d	10	0x8387e0	0	(–ФA6–Ф@–∞W—В–і
0x71558478	0xf9f103f1d567cf0d	12	0x85aaf8	1	–њ—А–Њ—И–Є–≤–Ї–Є–С–РH–±
0x715615c8	0x05a1859fc91faf51	9	0x85aa58	1	—А–Њ–і–Є—В–µ–ї—М—М
0x715624b0	0x57e1db7fdd695d39	10	0x85aba0	1	–Ч–∞–њ—Г—Б—В–Є—В—М
0x715625f8	0x57e1db7fdd695d39	15	0x85aba0	2	–Ч–∞–њ—Г—Б—В–Є—ВUY–Ы–ФM–®—Й
0x71562980	0x05a1859fc91faf51	11	0x85abb0	1	–Ш–љ—Д–Њ—А–Љ–∞—ЖP—Й–©
0x7157bee8	0xc5c90dcb21b7db71	11	0x85acb0	0	–Њ–±–љ–Њ–≤–ї–µ–љ—А,–Ф
0x7157dc60	0x7991f55d09b5a18f	12	0x85acd8	1	–Ч–∞–≥—А—Г–ґ–∞–µ—В—Б—П
0x71583650	0x49b763e7298b2709	11	0x85ad20	1	–Њ–±–љ–Њ–≤–ї–µ–љ–Є–єV
0x715c2410	0x8b25e9cfe79193cf	9	0x85afa0	0	–Шg–Я—А;–•!–≥–є
0x715d3a68	0x1bcb07e5f1e1d733	10	0x85b0d0	1	–∞–≤–∞—В–∞—А..]5
0x715e1af8	0xe3fdbf235fa7c7fd	13	0x85b128	2	–≤—Л–±–Њ—А, A–©–µm–Љ–†
0x715e1c10	0xe3fdbf235fa7c7fd	21	0x900420	0	2–∞—П –њ–∞–љ–µ–ї—М, (+) –Љ–µ–љ—О
0x71607a88	0xc1d99f3b4bd991c7	13	0x85b1c8	2	–У–µ–љ–µ—А–Є—А—Г–µ—В—Б—П
0x716201c0	0xad192fb5c1871dad	9	0x85b288	0	—Б–Њ–Ј–і–∞–љ–Є—П$
0x716202d0	0xad192fb5c1871dad	12	0x85b288	0	—Б–Њ–Ј–і–∞–љ–Є—П$E72
0x71620730	0xad192fb5c1871dad	9	0x85b288	0	—Б–Њ–Ј–і–∞–љ–Є—П$
0x71620840	0xad192fb5c1871dad	12	0x85b288	0	—Б–Њ–Ј–і–∞–љ–Є—П$E72
0x71620cc0	0xad192fb5c1871dad	9	0x85b288	0	—Б–Њ–Ј–і–∞–љ–Є—П$
0x71620e08	0xad192fb5c1871dad	12	0x85b288	0	—Б–Њ–Ј–і–∞–љ–Є—П$E72
