rodata_off	key	variant	fn	length	plaintext
0x8575b8	0xb7db9fcfd1d16795	rol6	FUN_71000bb7b0	8	[ОШИБКА]
0x8575d0	0x27d1e363737fbba9	cumsum	FUN_71000b7e80	8	Найдено 
0x8576d8	0x23db652581655311	rol6	FUN_71000c5d50	8	Найдено 
0x8576f0	0x1581abad9d3fc727	none	FUN_71000c5d50	8	контент-
0x857708	0x9991378f0197c37b	rol6	FUN_71000c5d50	8	Найдено 
0x857718	0xf77931abc55ba17f	rol6	FUN_71000c5d50	8	Найдено 
0x857738	0x9bfb6fe551c96181	none	FUN_71000c5d50	8	контент-
0x857750	0xa3efdf138df17f69	rorkey	FUN_71000c5d50	8	контент-
0x857758	0xadc7af5d2fe1c917	rorkey	FUN_71000c5d50	8	Найдено 
0x857768	0xadc7af5d2fe1c917	rol6	FUN_71000c5d50	8	контент-
0x857790	0x998521a5b12781c5	cumsum	FUN_71000cb210	8	Удаление
0x857850	0x8761cdb90f0323f9	cumsum	FUN_71000ea150	8	Удаление
0x8578c0	0x414991fba5bb71bf	rol6	FUN_71000fe7f0	8	ГиМяЮ]ЕЦ
0x8579e0	0xf33109e31ddda303	rol6	FUN_7100110010	8	rUяИГрАФ
0x8579e0	0xf75909639dafd7a9	rol6	FUN_7100110010	8	ьHMигрШГ
0x857aa8	0x297fa74b699f5755	submul	FUN_710012a8e0	8	{ХГуЗимЯ
0x857bb0	0xbb196fdddd03755f	cumsum	FUN_710012d230	8	контенте
0x857bb8	0xdbf127d389e98f77	rorkey	FUN_710012f660	8	Удаление
0x857c08	0x9dcfc3b1450b25cd	cumsum	FUN_71001356e0	8	Размер: 
0x857c58	0xd27713f410ffbc3	rol6	FUN_710013f6a0	8	свободно
0x857c70	0x759507d1adc97d4f	rorkey	FUN_710014ed90	8	ошибками
0x857c70	0x9991378f0197c37b	none	FUN_710014ed90	8	семТип╫у
0x857c78	0x2d37558d715fffdd	rorkey	FUN_710014ed90	8	Найдено 
0x857c80	0x2d37558d715fffdd	rorkey	FUN_710014ed90	8	ошибками
0x857c88	0x313393b3c1639d39	rol6	FUN_710014ed90	8	Найдено 
0x857c90	0x313393b3c1639d39	cumsum	FUN_710014ed90	8	ошибками
0x857c90	0x657a69736b6c62	rorkey	FUN_710014ed90	8	%ъэiИгрм
0x857fe8	0x5725037de57de79f	none	FUN_71001ad960	8	Регистра
0x857ff8	0xc9f5df9f6d81c76f	rol6	FUN_71001ad960	8	[ОШИБКА]
0x858010	0x73719b5f1d1109ed	rorkey	FUN_71001b19a0	8	Удаление
0x858018	0x2921abad29c94559	cumsum	FUN_71001b19a0	8	Удаление
0x858168	0xb375db3c9c7b551	none	FUN_71001d3d30	8	ОШИБКА Ф
0x858180	0x8535618713ed83c5	rorkey	FUN_71001d62d0	8	*оуЛvИгр
0x858218	0x4bd12f5955f57de5	cumsum	FUN_71001de770	8	Удаление
0x858228	0x4bd12f5955f57de5	rol6	FUN_71001de770	8	файлов..
0x858240	0x812f5d012f8f15db	none	FUN_71001de770	8	Регистра
0x858250	0x4dab2141bbd30dff	rorkey	FUN_71001de770	8	КОНТЕНТА
0x8582a0	0xa193616941d79fcd	rorkey	FUN_71001de770	8	[ОШИБКА]
0x8582a8	0x673931653de3f76b	cumsum	FUN_71001de770	8	Файлы иг
0x8582b8	0x95154333955f1101	rorkey	FUN_71001de770	8	Проверка
0x8587a8	0xebc9d71f67afcdbb	rorkey	FUN_7100208dc0	8	Ожидание
0x8587c0	0x5bc35197a77db3ab	rol6	FUN_7100208dc0	8	[ОШИБКА]
0x8587f8	0x97abe5551ff5af6f	cumsum	FUN_71002107c0	7	rёХцТИП
0x8588c0	0x359db5addd912dc7	none	FUN_7100224250	8	Прервано
0x858c28	0xabe1412985df8513	cumsum	FUN_7100265b00	8	Свободно
0x858cb8	0x37b1379b27c39759	none	FUN_7100279df0	8	[ОШИБКА]
0x858d68	0x6755978da159f997	rol6	FUN_7100291700	8	╒ИГрдЖнn
0x858d78	0x25a5b98bcdef01ad	rorkey	FUN_7100291700	8	Закрытие
0x858ef0	0xfd25b1e7f1c91fa1	rol6	FUN_71002c0490	8	каталога
0x858fa8	0xc367335909bdbb4b	cumsum	FUN_71002e8e40	8	Просмотр
0x859098	0x198901bfcf232d03	none	FUN_71002ffdd0	8	Просмотр
0x8590f0	0xfe624e212ac18000	submul	FUN_71003039c0	8	имяСсМ(\x01
0x859198	0x8fe7d74b4739ade3	none	FUN_7100315460	8	[ОШИБКА]
0x859380	0x831353dd0555b50f	rorkey	FUN_7100382180	8	Удаление
0x8593c8	0xd59f3b9b501fd93	rorkey	FUN_7100386940	8	Удаление
0x859598	0x813373df510f1f1f	none	FUN_71003f1cf0	8	Сбросить
0x859608	0x635bb5c903df7363	rol6	FUN_71003f1cf0	8	Сдампить
0x859630	0xbbf577150367b1b9	cumsum	FUN_71003bb0f0	8	ЦИ╘ДФтиП
0x8597f8	0xd3455d8303d5b585	rol6	FUN_71003e7690	8	Версия  
0x859818	0x3115db517f453b11	none	FUN_71003e7690	8	Размер: 
0x859898	0x37b90783273fffeb	rorkey	FUN_71003f0840	8	Экспорти
0x8598f8	0xccccccccccccccc	rorkey	FUN_71003f9290	8	в\x0bИмЯDчЗ
0x859938	0xefc9f7495d2fc567	cumsum	FUN_71003fda00	8	Проверка
0x859c78	0xf9a729c9cf0b39bf	rorkey	FUN_710042edc0	8	контенте
0x859c88	0xd3e13fe91bbf1f0b	none	FUN_7100433f00	8	Сдамплен
0x859f38	0xdc505f513f12d2d	cumsum	FUN_710046a980	8	Загрузка
0x859f90	0x27f729cb2775912b	rol6	FUN_71004705d0	8	Параметр
0x85a098	0x3ffd0f0db3fdd737	rorkey	FUN_7100482870	8	сервер..
0x85a0a8	0x5f3de9b1d54b31e9	rol6	FUN_7100482870	8	Просмотр
0x85a0d8	0x1713e5ade355675d	none	FUN_71004886a0	8	Просмотр
0x85a0e0	0x1713e5ade355675d	cumsum	FUN_71004886a0	8	сервера.
0x85a108	0x93ff8b73e3378bc3	rol6	FUN_710048cb80	8	сервер..
0x85a198	0x7bf71b8f11150fbd	rol6	FUN_710049b300	8	поиска: 
0x85a1c8	0x8feff7eb67b7a9d1	rol6	FUN_710049fc10	8	Ожидание
0x85a1d8	0x610b71f73d1b3fcb	rol6	FUN_710049fc10	8	Ожидание
0x85a258	0x7fd7196df1db7f3d	none	FUN_71004b1f30	8	Удаление
0x85a2a0	0x298f5f038fbd5d53	cumsum	FUN_71004b6440	8	Удаление
0x85a2c0	0xcb318351bdc9ff87	none	FUN_71004b9400	8	Удаление
0x85a2c8	0x331b85efd39b2b67	cumsum	FUN_71004b9400	8	Удаление
0x85a370	0x496bc9275f45812d	none	FUN_71004c1cb0	8	Проверка
0x85a398	0xed39b999cd6f43a9	rorkey	FUN_71004c1cb0	8	Просмотр
0x85a468	0x89934f03b9cfe16b	none	FUN_71004cf240	8	иVЦИГр?Л
0x85a4c8	0xa3efdf138df17f69	rol6	FUN_71004d4aa0	8	НhЫИтИп_
0x85a5a8	0x879b751539874163	cumsum	FUN_71004e71b0	8	параметр
0x85a5b8	0x10909818569b197	rol6	FUN_71004e71b0	8	Регистры
0x85a620	0xf3b39f57bdcd05b3	rol6	FUN_71004ee6c0	8	игрового
0x85a910	0x89934f03b9cfe16b	cumsum	FUN_710053c430	8	найдено.
0x85aa10	0xb5b315d5fd251d9b	submul	FUN_71005561f0	8	{чР╛тиПБ
0x85aae0	0x61374ff9f9f723eb	none	FUN_7100556a20	8	Удаление
0x85aed0	0x4bebafdf2b197369	none	FUN_71005b0c00	8	каталог.
0x85af80	0xf96f03f9f393399f	rol6	FUN_71005c0680	8	ОШИБКА! 
0x85af98	0x8b25e9cfe79193cf	rol6	FUN_71005c0680	8	ОШИБКА! 
0x85afb0	0x1fab05cb3dd53125	rol6	FUN_71005c0680	8	ОШИБКА! 
0x85afb8	0x6f69e17d4bbfd7b9	cumsum	FUN_71005c0680	8	ОШИБКА! 
0x85afd0	0x383ffbba9017d91	rorkey	FUN_71005c0680	8	ОШИБКА! 
0x85afd8	0x8b970769831b151b	cumsum	FUN_71005c0680	8	DЦТиПЛЪ|
0x85b030	0x239b7fe9090d9d0d	none	FUN_710005c680	11	каталогаr[╙
0x85b068	0x313d6123bd053b73	none	FUN_71005cd810	8	уверены 
0x85b090	0x49119beb711b0153	rol6	FUN_71005cd810	8	Удаление
0x85b130	0xe3fdbf235fa7c7fd	none	FUN_71005e1660	8	открыть,
0x85b158	0xb219943c7a3891d	rorkey	FUN_71005e6c80	8	файлов..
0x85b270	0x43878f05c3018949	rol6	FUN_7100618f80	8	хЕТwИГрЮ
0x85bc90	0x73528a9502bcaa75	cumsum	FUN_71007477e0	9	%Щп1ИгРУ\x05
0x85bd60	0xa79d5b91779dcb11	rol6	FUN_71007b8240	16	гРgщdжgИгРgщdжgИ
0x85e580	0x35e59b017b5103cb	none	FUN_710007fb90	16	 ЩЯ&8@√+WостИпT^
0x85e9d0	0xf7db9d25645b346a	submul	FUN_71000855d0	12	х`Щb.\x1dД4иГР0
0x85f818	0x3141c51fc1df11f5	cumsum	FUN_71000daed0	8	схЛ\x11(ТиП
0x85faa0	0xfd85f907d1ab3b95	rol6	FUN_71000ea150	16	"Имя каталога\n'{}"
0x8608d2	0xdbf127d389e98f77	rol6	FUN_71000e7b80	16	щЦ6cТиПВщЦ╤cТиqВ
0x8608d2	0xf5bbc7b7a3c73b0d	rol6	FUN_71000e7b80	16	Cн╫ИМЯb|Cн=ИМЯЦ|
0x86106a	0xf5bbc7b7a3c73b0d	rol6	FUN_71000e7b80	16	Cн4ИМЯХ|Cн╥ИМЯh|
0x861966	0x9511fdbbc96de9e3	rorkey	FUN_710010a840	8	иЙтИПШh└
0x8f3b0e	0xdd33edd5258f111d	rol6	FUN_7100184b80	16	СVИИиМяъБGОрнЪг▓
0x8f427b	0xc0a080604030201	rorkey	FUN_710018d8a0	10	фuБJЗ├тиПf
0x8f4340	0x41616123adcd49ab	cumsum	FUN_710018fe10	11	Этип╚DМEМ&С
0x8f5480	0x7589892313e7abef	cumsum	FUN_71001de770	7	яТипЁ.Г
0x8f76c8	0x6e2d326168732d61	none	FUN_71002249f0	13	LIтиП▓}НWN5тП
0x8f7c48	0x7d915f71e77f0321	rorkey	FUN_71002a08e0	11	\\тИп!kжХ╖т6
0x8f8290	0x23b9bb0f3907af47	submul	FUN_71002a4cb0	12	"' тиПЫRе▐Ш&м"
0x8f83b8	0xc1cb5d4fddb5b9ed	submul	FUN_71002a57b0	10	[cБ+ь\x0cКтип
0x8f85f0	0x556d818bd141c181	rorkey	FUN_71002bdb10	12	!щjтипzцё\\`ъ
0x8f8798	0xa5832fc34f31dbcb	none	FUN_71002c2b80	12	6Р8ДАТАР÷Яjg
0x8f9cb0	0xa6e0c6608620030	cumsum	FUN_71002f4610	11	ьчЮ╒%e\\ИгрЮ
0x8f9d18	0x2337cd73ebc3899b	rorkey	FUN_71002f4610	16	ж<х╗стиПВ0Н`XDCж
0x8f9f88	0x5111752913c3c91d	none	FUN_71002f7850	16	Нр">░злИМя-1э_кт
0x8fa4b0	0xddefe3a3a73bc9a1	rorkey	FUN_71003039c0	11	пlП▀щЪLТтИп
0x8fb128	0x6575677574726f50	cumsum	FUN_710033d020	11	 Мт╨2JzИгРф
0x8fc8b8	0x2fed1f572b93e917	rol6	FUN_71004533d0	8	ЫfЬГИМяк
0x8fca60	0x53b3035dd971f383	none	FUN_71004533d0	13	`sаиМЯ#─`iаиЩ
0x8fcc30	0x4bf5bd39fd01a3d5	rol6	FUN_71004533d0	13	╕сЫуg,Ф;иМЯ\\#
0x8fce50	0xc367335909bdbb4b	rorkey	FUN_71004533d0	16	ъУ|тип8;гT,z{ЗMq
0x8fd5a8	0x81131375f7931323	cumsum	FUN_71004cf240	16	"прошивка\x19 '69@GJ"
0x8fdf78	0x3b810ddfe3b75329	rol6	FUN_71004f3130	7	имяэяГ\x1c
0x8fe175	0x7ef365de75123003	submul	FUN_71004f3130	7	\x0bкХУТИП
0x8fe180	0xcd8707db5bf36f07	rorkey	FUN_71004fe1f0	10	wxИМяQУ\x10ыы
0x8fe5d5	0x138b593f079b950b	rol6	FUN_710050d290	8	з]чИГрйд
0x8fe5d5	0xff0db15d01dd490d	rorkey	FUN_710050d290	8	kтИпОяmЪ
0x8ff28f	0x150387ed2ffd1f67	rol6	FUN_710051d470	8	ТИпfчры▒
0x8ff388	0x6575677574726f50	none	FUN_710051d470	8	Порт\x15ггю
0x8ff96d	0x6ba3b5ed71a9cdf5	submul	FUN_7100524450	7	ф╙ЮЕигр
0x900350	0xd9b53701c1cfe3ab	cumsum	FUN_71005c0680	16	Файл может не во
0x900da8	0x9991be33dc3958d	rol6	FUN_7100601c80	10	с номеро\rЮ
0x9c5978	0x8303f5f9ffbd9129	cumsum	FUN_710076ad90	16	):ВЖОДФi▓#эштипS
